Date,Company,Adj Close,High,Low,Open,Volume
2021-07-12,Associated British Foods,2008.88427734375,2180.0,2122.0,2174.0,745656
2021-07-13,Associated British Foods,1981.4300537109375,2134.0,2087.0,2124.0,984409
2021-07-14,Associated British Foods,1973.8565673828125,2111.0,2067.800048828125,2081.0,945469
2021-07-15,Associated British Foods,1916.108154296875,2084.699951171875,2017.0,2076.0,1273256
2021-07-16,Associated British Foods,1939.775390625,2073.0,2031.0,2041.0,1525392
2021-07-19,Associated British Foods,1860.253173828125,2026.0,1945.0,2026.0,1810796
2021-07-20,Associated British Foods,1891.0206298828125,2016.0,1975.0,1981.5,2103479
2021-07-21,Associated British Foods,1973.8565673828125,2089.0,2026.0,2027.0,2025472
2021-07-22,Associated British Foods,1935.9886474609375,2118.0,2045.0,2088.0,974437
2021-07-23,Associated British Foods,1931.2552490234375,2074.0,2036.0,2061.0,889184
2021-07-26,Associated British Foods,1935.9886474609375,2054.0,2022.0,2033.0,1237041
2021-07-27,Associated British Foods,1933.1485595703125,2045.0,2010.0,2032.0,693363
2021-07-28,Associated British Foods,1933.1485595703125,2064.0,2036.0,2036.0,634157
2021-07-29,Associated British Foods,1933.1485595703125,2059.0,2040.0,2054.0,917117
2021-07-30,Associated British Foods,1900.0142822265625,2028.0,1981.5,2016.0,1003970
2021-08-02,Associated British Foods,1921.788330078125,2058.0,2019.0,2025.0,709020
2021-08-03,Associated British Foods,1904.747802734375,2040.0,2002.2950439453125,2032.0,594209
2021-08-04,Associated British Foods,1914.2147216796875,2047.0,2014.800048828125,2029.0,865583
2021-08-05,Associated British Foods,1940.72216796875,2052.0,2003.0,2013.0,1179705
2021-08-06,Associated British Foods,1931.2552490234375,2056.0,2026.0,2050.0,618490
2021-08-09,Associated British Foods,1929.3619384765625,2043.0,2019.449951171875,2029.0,673079
2021-08-10,Associated British Foods,1962.4962158203125,2077.0,2030.0,2038.0,704804
2021-08-11,Associated British Foods,1973.8565673828125,2091.0,2068.514892578125,2080.0,822073
2021-08-12,Associated British Foods,1965.336181640625,2106.0,2062.0,2081.0,2122199
2021-08-13,Associated British Foods,1964.3895263671875,2101.0,2069.114013671875,2077.0,1026634
2021-08-16,Associated British Foods,1946.4024658203125,2064.0,2046.0,2058.0,2950068
2021-08-17,Associated British Foods,1916.108154296875,2055.0,2017.0,2055.0,712235
2021-08-18,Associated British Foods,1914.2147216796875,2032.0,2009.0,2028.0,577845
2021-08-19,Associated British Foods,1888.654052734375,2008.0,1973.5,1980.0,527232
2021-08-20,Associated British Foods,1907.587890625,2016.0,1986.5,2007.0,1334559
2021-08-23,Associated British Foods,1887.23388671875,2037.0,1991.1099853515625,2037.0,698074
2021-08-24,Associated British Foods,1895.2808837890625,2013.989990234375,1981.5,2006.0,1370286
2021-08-25,Associated British Foods,1890.54736328125,2014.0,1983.0,2002.0,1890538
2021-08-26,Associated British Foods,1873.0335693359375,2003.0,1972.0,1992.5,665441
2021-08-27,Associated British Foods,1868.3001708984375,1989.5,1963.0,1980.0,958575
2021-08-31,Associated British Foods,1874.4534912109375,1991.0,1958.0,1991.0,802631
2021-09-01,Associated British Foods,1893.387451171875,2013.0,1987.0,1992.5,1184334
2021-09-02,Associated British Foods,1859.7799072265625,2003.0,1961.0,2003.0,499096
2021-09-03,Associated British Foods,1858.8331298828125,1996.0,1962.2559814453125,1967.0,491134
2021-09-06,Associated British Foods,1856.9398193359375,1983.0,1959.9100341796875,1969.0,327408
2021-09-07,Associated British Foods,1854.0999755859375,1986.5,1953.0,1957.5,2063716
2021-09-08,Associated British Foods,1826.6455078125,1956.282958984375,1922.5,1950.0,1067823
2021-09-09,Associated British Foods,1827.1187744140625,1940.25,1893.0,1910.0,865235
2021-09-10,Associated British Foods,1864.986572265625,1970.0,1918.5,1934.5,1157522
2021-09-13,Associated British Foods,1820.9654541015625,1981.5,1891.5,1960.5,1367671
2021-09-14,Associated British Foods,1811.4984130859375,1939.1800537109375,1903.0,1920.0,1129408
2021-09-15,Associated British Foods,1753.7503662109375,1917.0,1852.5,1913.5,1309234
2021-09-16,Associated British Foods,1787.8310546875,1895.1600341796875,1856.530029296875,1859.5,2346014
2021-09-17,Associated British Foods,1789.2513427734375,1923.0,1879.5,1901.5,2000397
2021-09-20,Associated British Foods,1772.210693359375,1886.6829833984375,1855.5,1885.5,867827
2021-09-21,Associated British Foods,1788.3045654296875,1900.0,1883.0,1883.0,539901
2021-09-22,Associated British Foods,1803.45166015625,1918.3199462890625,1890.5,1896.0,1760673
2021-09-23,Associated British Foods,1802.0316162109375,1932.5,1897.0,1922.0,3008630
2021-09-24,Associated British Foods,1781.6776123046875,1895.5,1876.5,1893.5,4655118
2021-09-27,Associated British Foods,1834.2191162109375,1946.5,1881.0,1903.0,4829432
2021-09-28,Associated British Foods,1796.351318359375,1948.0,1897.5,1939.0,1147765
2021-09-29,Associated British Foods,1815.758544921875,1929.5,1893.0,1922.0,649502
2021-09-30,Associated British Foods,1760.850341796875,1943.2080078125,1856.0,1939.0,1730606
2021-10-01,Associated British Foods,1746.176513671875,1846.0,1818.0,1841.0,1089225
2021-10-04,Associated British Foods,1719.669189453125,1849.0,1809.5,1833.0,1554089
2021-10-05,Associated British Foods,1729.135986328125,1833.5,1810.0,1816.5,1336830
2021-10-06,Associated British Foods,1684.168212890625,1813.5,1755.0,1808.0,2469000
2021-10-07,Associated British Foods,1701.681884765625,1817.5,1797.0,1804.5,1050118
2021-10-08,Associated British Foods,1708.7821044921875,1815.0,1775.0,1798.0,673383
2021-10-11,Associated British Foods,1687.955078125,1803.5999755859375,1779.5,1780.0,638035
2021-10-12,Associated British Foods,1676.1214599609375,1784.3199462890625,1753.0,1760.0,610741
2021-10-13,Associated British Foods,1713.515625,1824.5,1751.0,1767.0,3875616
2021-10-14,Associated British Foods,1707.83544921875,1829.0,1783.0,1823.5,988076
2021-10-15,Associated British Foods,1721.0892333984375,1820.0,1793.5,1809.5,777945
2021-10-18,Associated British Foods,1716.8291015625,1826.5,1794.5,1820.0,914449
2021-10-19,Associated British Foods,1694.5816650390625,1829.0,1788.0,1827.0,704867
2021-10-20,Associated British Foods,1684.6414794921875,1796.0,1766.0,1793.0,575733
2021-10-21,Associated British Foods,1658.6075439453125,1788.0,1750.1619873046875,1771.5,1675183
2021-10-22,Associated British Foods,1634.9400634765625,1755.5,1719.0,1752.0,1480475
2021-10-25,Associated British Foods,1657.660888671875,1775.2879638671875,1726.0,1731.0,1183200
2021-10-26,Associated British Foods,1697.8951416015625,1795.5,1745.0,1749.5,835289
2021-10-27,Associated British Foods,1697.421875,1802.0,1777.0,1793.0,776260
2021-10-28,Associated British Foods,1690.7950439453125,1804.5,1779.0,1792.0,620427
2021-10-29,Associated British Foods,1692.6885986328125,1796.5,1770.5770263671875,1781.0,532413
2021-11-01,Associated British Foods,1715.8824462890625,1818.0,1770.5799560546875,1796.0,589881
2021-11-02,Associated British Foods,1721.0892333984375,1840.0,1808.699951171875,1814.0,734019
2021-11-03,Associated British Foods,1739.5498046875,1837.5,1800.0,1807.5,1047470
2021-11-04,Associated British Foods,1748.543212890625,1859.0,1821.5,1848.0,2009469
2021-11-05,Associated British Foods,1785.937744140625,1900.0,1846.0,1849.0,2076470
2021-11-08,Associated British Foods,1759.43017578125,1893.5,1858.5,1875.5,1107653
2021-11-09,Associated British Foods,1900.0142822265625,2015.0,1895.5,1901.0,2973313
2021-11-10,Associated British Foods,1948.295654296875,2065.0,2014.0,2015.0,2202917
2021-11-11,Associated British Foods,1895.2808837890625,2066.0,2002.0,2054.0,1565789
2021-11-12,Associated British Foods,1901.9078369140625,2013.0,1985.5,2003.0,1207191
2021-11-15,Associated British Foods,1914.2147216796875,2037.0,1991.5,1999.0,705521
2021-11-16,Associated British Foods,1862.6201171875,2024.0,1967.5,2020.0,988810
2021-11-17,Associated British Foods,1831.8524169921875,1960.0,1932.5,1960.0,1253512
2021-11-18,Associated British Foods,1836.5859375,1959.0,1926.0,1926.0,579265
2021-11-19,Associated British Foods,1798.7181396484375,1949.0,1884.0,1943.5,2015244
2021-11-22,Associated British Foods,1822.385498046875,1934.0,1901.0,1901.0,1071465
2021-11-23,Associated British Foods,1851.7330322265625,1969.0,1907.5,1907.5,1041424
2021-11-24,Associated British Foods,1836.5859375,1956.0,1928.758056640625,1956.0,1186083
2021-11-25,Associated British Foods,1839.42578125,1952.5,1929.5,1941.0,371826
2021-11-26,Associated British Foods,1784.5177001953125,1892.5,1814.5,1892.5,3289461
2021-11-29,Associated British Foods,1805.3450927734375,1929.0,1886.0,1904.0,1726564
2021-11-30,Associated British Foods,1820.4920654296875,1927.5,1871.3199462890625,1882.5,3394521
2021-12-01,Associated British Foods,1851.2596435546875,1968.0,1921.0,1927.5,1556695
2021-12-02,Associated British Foods,1835.63916015625,1957.5,1923.0,1925.0,855577
2021-12-03,Associated British Foods,1827.1187744140625,1959.751953125,1924.5,1957.5,1013576
2021-12-06,Associated British Foods,1864.986572265625,1973.5,1948.0,1950.0,655769
2021-12-07,Associated British Foods,1857.4130859375,1983.0,1950.5,1976.0,810360
2021-12-08,Associated British Foods,1840.8460693359375,1968.0,1907.5,1958.5,908892
2021-12-09,Associated British Foods,1830.90576171875,1949.5,1910.5,1947.5,3661485
2021-12-10,Associated British Foods,1840.37255859375,1953.0,1925.0,1925.0,988540
2021-12-13,Associated British Foods,1821.912109375,1950.5,1901.5,1949.5,1059678
2021-12-14,Associated British Foods,1846.99951171875,1951.0,1923.0269775390625,1937.5,959830
2021-12-15,Associated British Foods,1790.1978759765625,1951.5,1891.0,1946.5,1247308
2021-12-16,Associated British Foods,1796.205810546875,1892.0,1867.5,1889.0,1267302
2021-12-17,Associated British Foods,1862.008056640625,1954.0,1865.5,1879.5,1700840
2021-12-20,Associated British Foods,1823.3851318359375,1926.0,1861.0,1907.5,2153246
2021-12-21,Associated British Foods,1904.4456787109375,1997.0,1939.0,1940.0,1892394
2021-12-22,Associated British Foods,1936.869873046875,2035.0,1974.2130126953125,1982.5,2162865
2021-12-23,Associated British Foods,1925.4259033203125,2044.0,2019.0,2034.0,554283
2021-12-24,Associated British Foods,1897.77001953125,2032.0,1990.0,2016.0,148505
2021-12-29,Associated British Foods,1920.6575927734375,2040.0,2008.0,2020.0,792656
2021-12-30,Associated British Foods,1910.1676025390625,2015.0,1999.0,2005.0,310529
2021-12-31,Associated British Foods,1914.935791015625,2008.0,1990.0,2000.0,169949
2022-01-04,Associated British Foods,1946.4063720703125,2055.715087890625,2027.0,2038.0,1621989
2022-01-05,Associated British Foods,1961.664794921875,2068.243896484375,2038.3160400390625,2039.0,833797
2022-01-06,Associated British Foods,1958.8038330078125,2056.0,2025.0,2048.0,676978
2022-01-07,Associated British Foods,1955.9427490234375,2056.2099609375,2031.0,2052.0,498300
2022-01-10,Associated British Foods,1984.552490234375,2092.0,2060.158935546875,2062.0,1059946
2022-01-11,Associated British Foods,1995.042724609375,2114.0,2077.427978515625,2083.0,1536054
2022-01-12,Associated British Foods,1995.042724609375,2109.0,2087.0,2104.0,920954
2022-01-13,Associated British Foods,2012.2083740234375,2110.0,2085.0,2087.0,516551
2022-01-14,Associated British Foods,2018.8837890625,2137.0,2093.0,2093.0,713795
2022-01-17,Associated British Foods,2024.6058349609375,2152.0,2109.0,2128.0,1191975
2022-01-18,Associated British Foods,2014.11572265625,2130.0,2082.0,2122.0,964356
2022-01-19,Associated British Foods,2032.2352294921875,2137.0,2092.0,2097.0,1196894
2022-01-20,Associated British Foods,1947.3599853515625,2181.0,2019.0,2150.0,2496754
2022-01-21,Associated British Foods,1947.3599853515625,2063.0,2009.947998046875,2050.0,1079729
2022-01-24,Associated British Foods,1894.4322509765625,2054.0,1971.0,2010.0,772463
2022-01-25,Associated British Foods,1910.1676025390625,2024.0,1977.5,2004.0,795173
2022-01-26,Associated British Foods,1909.2139892578125,2038.0,2002.0,2015.0,1632202
2022-01-27,Associated British Foods,1924.472412109375,2018.0,1963.0,1976.5,825112
2022-01-28,Associated British Foods,1868.206787109375,1988.0,1926.5,1986.5,2924720
2022-01-31,Associated British Foods,1851.0411376953125,1981.5,1917.0,1976.5,1214579
2022-02-01,Associated British Foods,1865.3458251953125,1970.5,1945.5,1956.5,1090178
2022-02-02,Associated British Foods,1868.6837158203125,1980.0,1953.5,1961.0,1649974
2022-02-03,Associated British Foods,1850.5640869140625,1979.5,1926.5,1957.0,740975
2022-02-04,Associated British Foods,1797.1595458984375,1953.5,1882.7900390625,1950.5,1106841
2022-02-07,Associated British Foods,1821.95458984375,1924.0,1886.4739990234375,1893.5,1031456
2022-02-08,Associated British Foods,1837.6898193359375,1936.0,1904.5,1910.0,1680566
2022-02-09,Associated British Foods,1846.7496337890625,1953.5,1930.0,1940.0,710686
2022-02-10,Associated British Foods,1846.7496337890625,1956.583984375,1933.0,1942.0,746992
2022-02-11,Associated British Foods,1840.5509033203125,1936.0,1909.0,1917.0,750034
2022-02-14,Associated British Foods,1790.9608154296875,1882.0,1845.5279541015625,1870.0,3097521
2022-02-15,Associated British Foods,1812.89501953125,1903.4200439453125,1873.5,1891.5,1181085
2022-02-16,Associated British Foods,1811.9412841796875,1906.0,1878.5,1896.0,501931
2022-02-17,Associated British Foods,1810.987548828125,1907.5,1890.0,1898.5,594364
2022-02-18,Associated British Foods,1819.093505859375,1919.5,1888.5,1911.0,1500763
2022-02-21,Associated British Foods,1837.6898193359375,1941.5,1912.0,1918.5,678368
2022-02-22,Associated British Foods,1848.656982421875,1956.0,1885.5,1894.0,942933
2022-02-23,Associated British Foods,1850.5640869140625,1964.0,1930.6400146484375,1943.0,742073
2022-02-24,Associated British Foods,1800.0205078125,1937.5,1875.4739990234375,1898.0,1885422
2022-02-25,Associated British Foods,1868.6837158203125,1959.5,1887.5,1900.0,1694232
2022-02-28,Associated British Foods,1831.0142822265625,1940.0,1881.0,1940.0,3028089
2022-03-01,Associated British Foods,1715.1453857421875,1927.5,1798.5,1896.0,1136684
2022-03-02,Associated British Foods,1665.07861328125,1791.5,1722.4000244140625,1767.0,1662731
2022-03-03,Associated British Foods,1663.6480712890625,1779.2950439453125,1729.0,1740.0,1778643
2022-03-04,Associated British Foods,1629.3167724609375,1754.0,1664.0,1725.0,2107129
2022-03-07,Associated British Foods,1595.938720703125,1733.5,1584.5,1652.0,1680498
2022-03-08,Associated British Foods,1551.1170654296875,1680.5,1611.0,1648.5,1593919
2022-03-09,Associated British Foods,1666.5091552734375,1760.0,1653.5,1656.0,1507892
2022-03-10,Associated British Foods,1635.9921875,1761.43896484375,1705.0,1753.5,741233
2022-03-11,Associated British Foods,1620.2569580078125,1729.4620361328125,1678.5,1696.0,1508590
2022-03-14,Associated British Foods,1684.62841796875,1783.5,1711.0,1721.5,724316
2022-03-15,Associated British Foods,1644.09814453125,1749.5,1711.0,1728.0,844032
2022-03-16,Associated British Foods,1687.0125732421875,1776.0,1722.5,1749.0,2285998
2022-03-17,Associated British Foods,1662.6944580078125,1793.93896484375,1725.5,1784.0,1212177
2022-03-18,Associated British Foods,1673.1846923828125,1754.5,1715.0,1715.0,2142395
2022-03-21,Associated British Foods,1656.01904296875,1755.5,1731.4010009765625,1755.5,483417
2022-03-22,Associated British Foods,1661.263916015625,1747.5,1729.0,1742.0,1586557
2022-03-23,Associated British Foods,1617.872802734375,1751.0,1696.5,1740.5,1680440
2022-03-24,Associated British Foods,1610.24365234375,1721.5,1679.5,1704.5,1698634
2022-03-25,Associated British Foods,1625.501953125,1706.0,1683.5,1691.0,971808
2022-03-28,Associated British Foods,1614.53515625,1731.0,1693.0,1724.5,773584
2022-03-29,Associated British Foods,1670.800537109375,1770.0,1701.5,1713.0,2112183
2022-03-30,Associated British Foods,1650.297119140625,1757.5,1717.0,1757.5,805889
2022-03-31,Associated British Foods,1584.9716796875,1731.0,1662.0,1720.0,2182180
2022-04-01,Associated British Foods,1578.296142578125,1682.0,1654.1300048828125,1664.0,1189392
2022-04-04,Associated British Foods,1589.26318359375,1673.5,1647.0,1657.5,1121904
2022-04-05,Associated British Foods,1566.852294921875,1676.0,1643.0,1669.0,3052587
2022-04-06,Associated British Foods,1528.706298828125,1646.5,1567.5,1638.0,2062771
2022-04-07,Associated British Foods,1553.501220703125,1629.0,1600.0,1618.5,1765303
2022-04-08,Associated British Foods,1584.9716796875,1662.0,1633.5,1646.0,1030930
2022-04-11,Associated British Foods,1567.805908203125,1684.5,1638.5,1654.0,1272097
2022-04-12,Associated British Foods,1557.3155517578125,1657.0,1622.89501953125,1631.0,632444
2022-04-13,Associated British Foods,1529.6600341796875,1626.5,1603.0,1622.5,877069
2022-04-14,Associated British Foods,1555.8853759765625,1646.052001953125,1462.5,1609.0,1251841
2022-04-19,Associated British Foods,1554.931640625,1646.0,1618.5,1646.0,704142
2022-04-20,Associated British Foods,1553.501220703125,1650.33203125,1629.0,1642.5,793067
2022-04-21,Associated British Foods,1579.7265625,1666.0,1625.5,1632.5,763157
2022-04-22,Associated British Foods,1557.7926025390625,1660.5,1631.0,1634.5,996871
2022-04-25,Associated British Foods,1554.4549560546875,1640.0,1592.0,1612.0,1587957
2022-04-26,Associated British Foods,1476.7320556640625,1601.5,1510.0,1569.5,3678941
2022-04-27,Associated British Foods,1502.00390625,1590.0,1523.5,1540.0,1523905
2022-04-28,Associated British Foods,1540.1500244140625,1621.5,1590.0,1596.5,1731214
2022-04-29,Associated British Foods,1532.0440673828125,1638.0780029296875,1598.0,1635.0,1990894
2022-05-03,Associated British Foods,1525.8450927734375,1650.5,1582.5,1612.0,2037301
2022-05-04,Associated British Foods,1497.71240234375,1607.5,1536.0,1605.0,2133376
2022-05-05,Associated British Foods,1525.8450927734375,1640.0,1587.0,1618.0,3455951
2022-05-06,Associated British Foods,1514.4013671875,1618.5,1580.0,1591.0,2058113
2022-05-09,Associated British Foods,1487.698974609375,1591.0,1560.0,1579.0,2005016
2022-05-10,Associated British Foods,1507.2490234375,1595.5,1570.5,1578.0,1507783
2022-05-11,Associated British Foods,1533.4744873046875,1619.0,1584.5,1591.5,2055274
2022-05-12,Associated British Foods,1560.1767578125,1648.0,1574.0,1576.0,1507587
2022-05-13,Associated British Foods,1591.170654296875,1677.5,1643.0,1649.5,1207987
2022-05-16,Associated British Foods,1591.170654296875,1675.5,1636.0,1662.0,822082
2022-05-17,Associated British Foods,1606.428955078125,1691.0,1657.0,1665.0,1113259
2022-05-18,Associated British Foods,1539.1962890625,1686.5,1614.0,1677.0,1598344
2022-05-19,Associated British Foods,1506.2952880859375,1602.0,1550.5,1595.5,906075
2022-05-20,Associated British Foods,1539.1962890625,1631.0,1586.5,1586.5,1226091
2022-05-23,Associated British Foods,1552.5474853515625,1628.0,1598.9610595703125,1625.0,1050897
2022-05-24,Associated British Foods,1530.6134033203125,1638.0,1597.0,1608.5,1379367
2022-05-25,Associated British Foods,1574.0047607421875,1654.0,1598.0,1615.0,1343841
2022-05-26,Associated British Foods,1643.6214599609375,1744.0,1640.0,1640.0,2060284
2022-05-27,Associated British Foods,1655.5419921875,1752.3599853515625,1710.2110595703125,1724.5,985000
2022-05-30,Associated British Foods,1666.5091552734375,1766.0,1737.2010498046875,1746.0,781868
2022-05-31,Associated British Foods,1649.8201904296875,1753.1240234375,1724.3499755859375,1733.5,2996350
2022-06-01,Associated British Foods,1625.9788818359375,1758.0,1704.5,1755.0,1183328
2022-06-06,Associated British Foods,1615.48876953125,1736.0,1694.0,1735.0,2043610
2022-06-07,Associated British Foods,1608.81298828125,1700.5,1649.5,1683.5,1086752
2022-06-08,Associated British Foods,1628.8397216796875,1714.5,1679.5,1712.0,921407
2022-06-09,Associated British Foods,1588.2679443359375,1688.0,1651.5,1683.0,837309
2022-06-10,Associated British Foods,1541.158203125,1644.5,1599.5,1639.0,1467748
2022-06-13,Associated British Foods,1527.6982421875,1609.5,1573.5,1593.0,849687
2022-06-14,Associated British Foods,1507.9891357421875,1606.0,1558.5,1602.5,1114195
2022-06-15,Associated British Foods,1552.6951904296875,1627.5,1575.5,1587.0,2246475
2022-06-16,Associated British Foods,1533.947509765625,1605.5,1560.5,1605.5,951680
2022-06-17,Associated British Foods,1546.446044921875,1651.5,1588.0,1604.0,2733169
2022-06-20,Associated British Foods,1583.460693359375,1652.5,1598.0,1610.0,1358205
2022-06-21,Associated British Foods,1548.3690185546875,1638.25,1594.0,1613.5,979903
2022-06-22,Associated British Foods,1548.849609375,1626.113037109375,1583.5,1603.0,1899729
2022-06-23,Associated British Foods,1549.3302001953125,1633.9549560546875,1602.5,1625.0,817468
2022-06-24,Associated British Foods,1572.885009765625,1639.5,1590.0,1618.0,1121272
2022-06-27,Associated British Foods,1582.9801025390625,1665.0,1639.5,1644.5,861744
2022-06-28,Associated British Foods,1586.344970703125,1663.0,1647.0,1662.5,711266
2022-06-29,Associated British Foods,1575.7694091796875,1649.5,1626.5,1635.5,927559
2022-06-30,Associated British Foods,1517.122802734375,1615.780029296875,1563.0,1610.0,1059825
2022-07-01,Associated British Foods,1527.6982421875,1616.0,1568.0,1570.5,978130
2022-07-04,Associated British Foods,1535.3896484375,1610.5,1593.0,1594.0,611581
2022-07-05,Associated British Foods,1467.6094970703125,1619.5,1526.0,1611.0,1405551
2022-07-06,Associated British Foods,1502.2205810546875,1573.0,1539.0,1545.0,1324000
2022-07-07,Associated British Foods,1512.7962646484375,1585.0,1565.0,1566.0,878525
2022-07-08,Associated British Foods,1529.1405029296875,1599.0,1564.0,1570.0,963661
2022-07-11,Associated British Foods,1523.3719482421875,1594.0,1571.0,1573.5,659318
2022-07-12,Associated British Foods,1526.2562255859375,1587.5,1557.5,1581.0,1844377
2022-07-13,Associated British Foods,1532.986083984375,1614.5,1582.5,1586.0,1337196
2022-07-14,Associated British Foods,1492.125732421875,1600.0,1538.0,1587.5,1663117
2022-07-15,Associated British Foods,1536.35107421875,1601.0,1540.0,1561.0,1264814
2022-07-18,Associated British Foods,1556.060302734375,1623.5,1605.5,1607.5,858879
2022-07-19,Associated British Foods,1602.6890869140625,1669.0,1608.5,1615.5,663983
2022-07-20,Associated British Foods,1613.2647705078125,1680.0,1657.0,1672.0,641768
2022-07-21,Associated British Foods,1625.7633056640625,1711.5,1683.0,1696.5,1301404
2022-07-22,Associated British Foods,1633.4547119140625,1714.5,1677.5,1689.5,682300
2022-07-25,Associated British Foods,1630.0897216796875,1704.5,1678.0,1690.5,513923
2022-07-26,Associated British Foods,1582.4993896484375,1694.5,1646.0,1691.0,729355
2022-07-27,Associated British Foods,1604.1312255859375,1675.5,1650.197021484375,1650.5,675277
2022-07-28,Associated British Foods,1598.36279296875,1677.969970703125,1652.0,1673.5,745650
2022-07-29,Associated British Foods,1607.496337890625,1684.5,1665.5,1680.0,973527
2022-08-01,Associated British Foods,1600.28564453125,1680.5,1661.0,1668.0,827766
2022-08-02,Associated British Foods,1580.0958251953125,1661.6800537109375,1643.5,1657.0,850684
2022-08-03,Associated British Foods,1593.074951171875,1660.0,1632.0,1640.0,878348
2022-08-04,Associated British Foods,1610.3804931640625,1677.5,1659.5,1661.0,776163
2022-08-05,Associated British Foods,1581.537841796875,1678.5,1639.0,1678.0,452002
2022-08-08,Associated British Foods,1594.997802734375,1667.0,1641.5,1659.5,675307
2022-08-09,Associated British Foods,1576.730712890625,1662.0,1634.3709716796875,1659.5,1173054
2022-08-10,Associated British Foods,1596.920654296875,1663.5,1629.3800048828125,1638.0,799325
2022-08-11,Associated British Foods,1585.3836669921875,1667.5,1645.0,1666.0,583307
2022-08-12,Associated British Foods,1595.959228515625,1665.5,1640.5,1651.0,679943
2022-08-15,Associated British Foods,1593.5557861328125,1668.0999755859375,1650.0,1661.5,465379
2022-08-16,Associated British Foods,1594.51708984375,1662.5,1642.5,1657.5,1357934
2022-08-17,Associated British Foods,1575.2886962890625,1669.0,1629.5,1664.5,716779
2022-08-18,Associated British Foods,1567.1165771484375,1641.5,1621.5,1640.0,473492
2022-08-19,Associated British Foods,1549.8109130859375,1628.0,1605.0,1618.0,848207
2022-08-22,Associated British Foods,1516.64208984375,1615.5,1572.5,1605.5,734929
2022-08-23,Associated British Foods,1500.778564453125,1584.5,1554.5,1574.0,787289
2022-08-24,Associated British Foods,1495.010009765625,1561.0,1534.0,1560.0,565737
2022-08-25,Associated British Foods,1488.7607421875,1575.5,1540.0,1569.0,966351
2022-08-26,Associated British Foods,1457.0338134765625,1557.375,1514.5,1556.0,687556
2022-08-30,Associated British Foods,1482.0308837890625,1559.0,1507.5,1511.0,1154589
2022-08-31,Associated British Foods,1466.1673583984375,1549.5,1511.02001953125,1547.0,2331436
2022-09-01,Associated British Foods,1442.1318359375,1529.0,1483.0,1525.0,1023121
2022-09-02,Associated British Foods,1444.5352783203125,1512.5,1484.0,1508.0,797289
2022-09-05,Associated British Foods,1420.01904296875,1483.5,1455.5,1480.5,1354998
2022-09-06,Associated British Foods,1451.2652587890625,1520.0,1475.5,1512.0,1443857
2022-09-07,Associated British Foods,1398.867919921875,1495.0,1434.2049560546875,1490.5,1540804
2022-09-08,Associated British Foods,1293.1116943359375,1392.925048828125,1314.376953125,1383.5,2776677
2022-09-09,Associated British Foods,1302.7255859375,1373.5,1329.0,1345.5,1385750
2022-09-12,Associated British Foods,1351.7581787109375,1411.0,1350.291015625,1376.0,1415384
2022-09-13,Associated British Foods,1307.5328369140625,1413.0,1360.0,1381.5,1432353
2022-09-14,Associated British Foods,1277.2481689453125,1371.0,1316.5799560546875,1348.5,1470081
2022-09-15,Associated British Foods,1281.09375,1342.5,1321.5,1323.5,906784
2022-09-16,Associated British Foods,1273.4024658203125,1334.5,1313.0,1321.0,2460014
2022-09-20,Associated British Foods,1270.0374755859375,1346.0,1321.0,1329.5,1710812
2022-09-21,Associated British Foods,1271.9603271484375,1328.5,1288.0,1289.0,1617013
2022-09-22,Associated British Foods,1281.574462890625,1353.0,1314.5,1337.0,1322283
2022-09-23,Associated British Foods,1240.2333984375,1350.5,1288.5,1348.5,1205900
2022-09-26,Associated British Foods,1229.340576171875,1288.5,1247.5,1286.0,1856345
2022-09-27,Associated British Foods,1227.73486328125,1312.0,1274.0,1297.0,1842040
2022-09-28,Associated British Foods,1239.27197265625,1289.5,1240.5,1267.5,1741173
2022-09-29,Associated British Foods,1189.2779541015625,1267.0,1223.0,1263.0,1860578
2022-09-30,Associated British Foods,1212.8328857421875,1275.5,1238.0,1240.0,1398250
2022-10-03,Associated British Foods,1213.794189453125,1262.5,1236.0,1241.0,1269993
2022-10-04,Associated British Foods,1258.500244140625,1312.0,1270.5,1276.0,2403698
2022-10-05,Associated British Foods,1225.3314208984375,1311.0,1258.5,1305.5,1692171
2022-10-06,Associated British Foods,1208.9871826171875,1298.0,1254.5,1290.0,922938
2022-10-07,Associated British Foods,1200.815185546875,1267.5,1243.0,1249.0,1195115
2022-10-10,Associated British Foods,1225.8118896484375,1286.0,1232.5,1234.5,1413400
2022-10-11,Associated British Foods,1225.8118896484375,1285.0,1259.0,1270.0,1079752
2022-10-12,Associated British Foods,1201.7764892578125,1276.5,1245.5,1272.0,1125915
2022-10-13,Associated British Foods,1236.868408203125,1301.0,1242.5,1257.5,1736041
2022-10-14,Associated British Foods,1250.8089599609375,1329.0,1291.5400390625,1296.0,1650239
2022-10-17,Associated British Foods,1272.921630859375,1344.5,1300.0,1302.5,1146830
2022-10-18,Associated British Foods,1276.28662109375,1341.0,1311.0,1328.0,3520810
2022-10-19,Associated British Foods,1270.998779296875,1332.5,1308.0,1327.0,738984
2022-10-20,Associated British Foods,1280.613037109375,1347.5,1310.0,1319.5,939115
2022-10-21,Associated British Foods,1269.075927734375,1330.5,1302.0,1314.0,996400
2022-10-24,Associated British Foods,1280.13232421875,1348.5,1313.907958984375,1338.5,1014926
2022-10-25,Associated British Foods,1303.20654296875,1362.5,1331.0,1333.5,893801
2022-10-26,Associated British Foods,1317.6278076171875,1379.5,1348.0,1351.0,802891
2022-10-27,Associated British Foods,1315.705078125,1375.5,1350.0,1361.5,1205033
2022-10-28,Associated British Foods,1282.05517578125,1348.0,1327.0,1330.0,998138
2022-10-31,Associated British Foods,1297.4378662109375,1351.5,1333.0,1340.5,2048690
2022-11-01,Associated British Foods,1327.241943359375,1385.0,1359.0,1359.0,900918
2022-11-02,Associated British Foods,1325.7999267578125,1394.5,1366.0,1382.5,1729250
2022-11-03,Associated British Foods,1328.203369140625,1387.0,1352.5,1366.5,930525
2022-11-04,Associated British Foods,1368.5831298828125,1431.5,1381.0,1393.5,920579
2022-11-07,Associated British Foods,1373.39013671875,1439.0,1408.0,1410.5,2403237
2022-11-08,Associated British Foods,1401.752197265625,1525.0,1454.5,1486.5,1708138
2022-11-09,Associated British Foods,1450.78466796875,1521.0,1465.1590576171875,1466.5,1424919
2022-11-10,Associated British Foods,1478.18505859375,1554.0,1488.0,1500.0,1344151
2022-11-11,Associated British Foods,1495.9713134765625,1565.0,1528.5,1547.5,1330731
2022-11-14,Associated British Foods,1501.7398681640625,1571.0,1543.5,1562.5,1238816
2022-11-15,Associated British Foods,1495.9713134765625,1570.5,1550.5,1557.5,1244426
2022-11-16,Associated British Foods,1469.5323486328125,1562.0,1520.0,1559.5,1216010
2022-11-17,Associated British Foods,1463.283203125,1540.5,1509.0,1535.5,1327472
2022-11-18,Associated British Foods,1474.8201904296875,1539.5,1522.0,1534.0,1753686
2022-11-21,Associated British Foods,1446.9388427734375,1526.0,1493.5,1526.0,1041375
2022-11-22,Associated British Foods,1461.3603515625,1521.0,1491.0,1502.0,1563368
2022-11-23,Associated British Foods,1499.817138671875,1564.5,1514.5,1525.0,1787770
2022-11-24,Associated British Foods,1521.9298095703125,1597.5,1560.0,1561.5,1262798
2022-11-25,Associated British Foods,1528.178955078125,1593.5,1576.0,1590.0,860794
2022-11-28,Associated British Foods,1514.7191162109375,1588.5,1566.5,1583.0,1126886
2022-11-29,Associated British Foods,1523.8526611328125,1592.5,1569.5,1569.5,1156242
2022-11-30,Associated British Foods,1520.0068359375,1599.0,1578.5,1585.5,2804755
2022-12-01,Associated British Foods,1526.2562255859375,1614.0,1582.64501953125,1605.5,1448584
2022-12-02,Associated British Foods,1603.169921875,1671.0,1616.0,1619.5,1329180
2022-12-05,Associated British Foods,1604.1312255859375,1678.5,1650.0,1675.0,1326941
2022-12-06,Associated British Foods,1605.0926513671875,1678.0,1655.8909912109375,1670.0,1166548
2022-12-07,Associated British Foods,1602.20849609375,1690.0,1658.2900390625,1668.0,1521247
2022-12-08,Associated British Foods,1590.67138671875,1673.0,1650.0,1669.5,1626580
2022-12-09,Associated British Foods,1575.7694091796875,1658.5,1624.0,1650.0,2805858
2022-12-12,Associated British Foods,1548.849609375,1636.969970703125,1601.0,1631.5,1730479
2022-12-13,Associated British Foods,1560.8673095703125,1648.5,1603.0,1618.5,1453503
2022-12-14,Associated British Foods,1566.1551513671875,1630.5,1615.5,1624.0,1768999
2022-12-15,Associated British Foods,1539.613525390625,1592.0,1568.0,1590.5,1684019
2022-12-16,Associated British Foods,1521.0048828125,1573.0,1543.5,1569.5,3804235
2022-12-19,Associated British Foods,1529.8194580078125,1574.0,1553.0,1559.5,648643
2022-12-20,Associated British Foods,1511.2109375,1555.0,1539.5,1551.0,2958250
2022-12-21,Associated British Foods,1543.5311279296875,1576.0,1549.239013671875,1550.5,855455
2022-12-22,Associated British Foods,1536.185546875,1591.5,1561.5,1581.5,676158
2022-12-23,Associated British Foods,1554.3043212890625,1592.5,1565.0,1573.5,535713
2022-12-28,Associated British Foods,1555.7735595703125,1598.5,1585.5,1588.0,823720
2022-12-29,Associated British Foods,1559.691162109375,1594.0,1569.0,1584.0,582075
2022-12-30,Associated British Foods,1543.5311279296875,1598.5,1576.0,1595.0,794163
2023-01-03,Associated British Foods,1593.4803466796875,1632.5,1601.0,1614.0,1113283
2023-01-04,Associated British Foods,1638.04296875,1672.5,1631.0,1634.5,984678
2023-01-05,Associated British Foods,1708.5596923828125,1763.0,1680.0,1680.0,2026353
2023-01-06,Associated British Foods,1734.513671875,1775.0,1740.0,1753.5,997727
2023-01-09,Associated British Foods,1713.9462890625,1774.0,1744.5,1771.0,1052527
2023-01-10,Associated British Foods,1718.3536376953125,1767.5,1741.0,1744.0,1588126
2023-01-11,Associated British Foods,1727.1680908203125,1783.0,1755.0,1763.5,2080435
2023-01-12,Associated British Foods,1764.38525390625,1805.0,1763.5,1774.0,1509800
2023-01-13,Associated British Foods,1758.0191650390625,1818.5,1788.5,1811.0,875947
2023-01-16,Associated British Foods,1790.8291015625,1836.0,1805.5,1811.5,529561
2023-01-17,Associated British Foods,1815.31396484375,1857.0,1826.0,1826.0,1445108
2023-01-18,Associated British Foods,1793.277587890625,1856.5,1831.0,1851.5,1217432
2023-01-19,Associated British Foods,1776.6278076171875,1826.5,1806.5,1820.5,1554848
2023-01-20,Associated British Foods,1788.8702392578125,1835.0,1817.5,1820.0,1849637
2023-01-23,Associated British Foods,1830.9844970703125,1869.5,1841.5,1857.5,1599804
2023-01-24,Associated British Foods,1794.2569580078125,1872.5,1820.0,1862.0,4712167
2023-01-25,Associated British Foods,1797.1951904296875,1847.5,1829.8199462890625,1842.0,2133155
2023-01-26,Associated British Foods,1809.4375,1850.427001953125,1827.5,1841.0,1804952
2023-01-27,Associated British Foods,1818.7418212890625,1859.5,1832.5,1840.0,1162650
2023-01-30,Associated British Foods,1827.5565185546875,1868.5,1843.5,1852.5,933484
2023-01-31,Associated British Foods,1817.7625732421875,1876.0,1852.0,1860.0,2500050
2023-02-01,Associated British Foods,1836.37109375,1891.0,1859.5,1861.5,1626167
2023-02-02,Associated British Foods,1908.3568115234375,1948.5,1875.5,1875.5,1063609
2023-02-03,Associated British Foods,1891.7071533203125,1946.0,1917.75,1940.0,765986
2023-02-06,Associated British Foods,1896.1142578125,1941.0,1912.0,1922.0,1342991
2023-02-07,Associated British Foods,1884.851318359375,1945.5,1917.5,1926.5,1632105
2023-02-08,Associated British Foods,1889.258544921875,1949.0,1924.0,1927.0,693509
2023-02-09,Associated British Foods,1888.7689208984375,1943.0,1919.5,1934.0,1954043
2023-02-10,Associated British Foods,1847.1444091796875,1925.5,1858.0,1922.0,1810769
2023-02-13,Associated British Foods,1865.2633056640625,1908.5,1882.5,1888.0,1098402
2023-02-14,Associated British Foods,1870.6500244140625,1917.5,1895.802001953125,1915.5,1113511
2023-02-15,Associated British Foods,1880.9337158203125,1930.0,1895.5,1911.0,1076452
2023-02-16,Associated British Foods,1895.135009765625,1946.5,1919.5,1926.0,972175
2023-02-17,Associated British Foods,1892.6864013671875,1940.0,1898.5,1923.0,884257
2023-02-20,Associated British Foods,1905.418701171875,1949.5,1929.0,1945.0,727431
2023-02-21,Associated British Foods,1928.4344482421875,1974.5,1936.0,1941.5,1828752
2023-02-22,Associated British Foods,1935.290283203125,1976.0,1958.5,1959.0,1566140
2023-02-23,Associated British Foods,1909.3363037109375,1996.5,1949.5,1980.0,2040422
2023-02-24,Associated British Foods,1906.39794921875,1960.5,1931.5,1956.0,1485170
2023-02-27,Associated British Foods,1933.8211669921875,1998.5,1952.5,1970.0,1158180
2023-02-28,Associated British Foods,1965.651611328125,2021.0,1966.0,1984.5,1906317
2023-03-01,Associated British Foods,1973.48681640625,2037.0,2008.0,2016.0,2466117
2023-03-02,Associated British Foods,1980.3426513671875,2023.0,2003.6400146484375,2008.0,990922
2023-03-03,Associated British Foods,1991.115966796875,2046.0,2013.0,2017.0,861766
2023-03-06,Associated British Foods,1997.9716796875,2055.0,2036.0,2036.0,730261
2023-03-07,Associated British Foods,1996.992431640625,2057.0,2029.0,2029.0,2336260
2023-03-08,Associated British Foods,2009.7244873046875,2057.0,2029.0,2036.0,504880
2023-03-09,Associated British Foods,2024.4154052734375,2076.0,2047.0,2051.0,987420
2023-03-10,Associated British Foods,1975.445556640625,2056.0,2010.0999755859375,2055.0,1173077
2023-03-13,Associated British Foods,1907.8670654296875,2029.0,1943.5,2015.0,2155809
2023-03-14,Associated British Foods,1948.51220703125,1989.5,1945.0,1952.5,1543892
2023-03-15,Associated British Foods,1860.8560791015625,1991.0,1891.5,1984.5,2682890
2023-03-16,Associated British Foods,1909.3363037109375,1958.0,1919.5,1930.5,1600776
2023-03-17,Associated British Foods,1862.324951171875,1963.0,1900.0,1954.5,2255149
2023-03-20,Associated British Foods,1891.2174072265625,1937.5,1854.300048828125,1893.0,1167874
2023-03-21,Associated British Foods,1914.722900390625,1962.5,1941.0,1947.0,875485
2023-03-22,Associated British Foods,1924.516845703125,1969.0,1946.0,1949.5,589551
2023-03-23,Associated British Foods,1914.722900390625,1966.0,1933.0,1960.0,1106621
2023-03-24,Associated British Foods,1878.4852294921875,1946.0,1904.0,1944.5,822240
2023-03-27,Associated British Foods,1911.294921875,1959.5,1925.0,1937.0,845848
2023-03-28,Associated British Foods,1911.78466796875,1971.0,1943.0,1959.5,702670
2023-03-29,Associated British Foods,1903.4598388671875,1943.5,1895.5,1927.5,1861007
2023-03-30,Associated British Foods,1908.3568115234375,1979.5,1946.5,1950.5,1466513
2023-03-31,Associated British Foods,1900.0318603515625,1964.0,1940.0,1951.0,1743074
2023-04-03,Associated British Foods,1894.645263671875,1954.5,1934.5,1938.5,1403669
2023-04-04,Associated British Foods,1904.9288330078125,1953.0,1933.5,1953.0,1071856
2023-04-05,Associated British Foods,1904.9288330078125,1952.5,1934.5,1950.0,1076711
2023-04-06,Associated British Foods,1921.0889892578125,1961.5,1944.7149658203125,1947.0,537183
2023-04-11,Associated British Foods,1928.9241943359375,1984.0,1964.0,1975.5,2677005
2023-04-12,Associated British Foods,1924.0272216796875,1978.0,1963.0,1971.5,1028461
2023-04-13,Associated British Foods,1949.4915771484375,1990.5,1969.7039794921875,1970.0,1659513
2023-04-14,Associated British Foods,1974.466064453125,2016.0,1988.0,1999.5,1499497
2023-04-17,Associated British Foods,1992.0953369140625,2040.18994140625,2014.0,2014.0,1121716
2023-04-18,Associated British Foods,2010.703857421875,2056.0,2032.0,2039.0,1049604
2023-04-19,Associated British Foods,2002.86865234375,2064.0,2045.0,2049.0,1052922
2023-04-20,Associated British Foods,1997.9716796875,2050.0,2025.4000244140625,2040.0,1024061
2023-04-21,Associated British Foods,2003.84814453125,2055.0,2015.0,2040.0,978327
2023-04-24,Associated British Foods,2027.353759765625,2076.0,2042.949951171875,2048.0,1494651
2023-04-25,Associated British Foods,1943.12548828125,2028.0,1924.5,2001.0,3119398
2023-04-26,Associated British Foods,1907.8670654296875,1978.9959716796875,1877.25,1978.0,1985453
2023-04-27,Associated British Foods,1896.60400390625,1963.0,1935.0,1950.0,1136866
2023-04-28,Associated British Foods,1915.702392578125,1957.5,1917.5,1951.5,1389974
2023-05-02,Associated British Foods,1915.702392578125,1981.5,1940.5,1955.0,900517
2023-05-03,Associated British Foods,1885.83056640625,1978.0,1918.0,1954.5,1400686
2023-05-04,Associated British Foods,1867.7117919921875,1937.5,1899.0,1909.5,1189827
2023-05-05,Associated British Foods,1883.382080078125,1925.0,1900.0,1901.0,627662
2023-05-09,Associated British Foods,1885.83056640625,1938.0,1920.0,1926.0,643895
2023-05-10,Associated British Foods,1877.9954833984375,1931.5,1909.5,1928.0,706061
2023-05-11,Associated British Foods,1868.691162109375,1934.0,1888.5,1917.0,889232
2023-05-12,Associated British Foods,1876.03662109375,1927.0,1903.5,1921.0,777787
2023-05-15,Associated British Foods,1866.24267578125,1927.0,1896.883056640625,1914.0,470758
2023-05-16,Associated British Foods,1864.283935546875,1937.0,1896.5,1909.5,1082625
2023-05-17,Associated British Foods,1845.67529296875,1900.0,1879.5,1892.5,1371364
2023-05-18,Associated British Foods,1866.24267578125,1907.5,1888.0,1896.0,759936
2023-05-19,Associated British Foods,1855.958984375,1913.5,1895.0,1908.5,736472
2023-05-22,Associated British Foods,1860.3663330078125,1923.0,1898.0,1905.0,497917
2023-05-23,Associated British Foods,1830.0050048828125,1903.5,1868.5,1901.5,684732
2023-05-24,Associated British Foods,1810.90673828125,1871.5,1844.5,1868.5,1157966
2023-05-25,Associated British Foods,1799.6436767578125,1856.5,1836.5,1852.0,1361298
2023-05-26,Associated British Foods,1822.659423828125,1868.5,1827.0,1842.0,679400
2023-05-30,Associated British Foods,1792.787841796875,1861.0,1830.5,1856.0,2716129
2023-05-31,Associated British Foods,1787.8907470703125,1852.5,1804.5,1815.0,2343617
2023-06-01,Associated British Foods,1803.8814697265625,1837.0,1815.5,1819.0,900182
2023-06-02,Associated British Foods,1845.3387451171875,1871.5,1835.02197265625,1838.5,764797
2023-06-05,Associated British Foods,1818.194091796875,1878.25,1842.0,1874.5,1460144
2023-06-06,Associated British Foods,1816.219970703125,1849.5,1824.5,1834.5,718492
2023-06-07,Associated British Foods,1871.98974609375,1919.0,1836.5,1840.0,1011656
2023-06-08,Associated British Foods,1851.2611083984375,1896.5,1869.5,1892.5,1364946
2023-06-09,Associated British Foods,1835.4678955078125,1881.0,1844.6099853515625,1876.5,779570
2023-06-12,Associated British Foods,1850.767578125,1879.5,1860.5,1866.5,622874
2023-06-13,Associated British Foods,1844.84521484375,1883.0,1849.5,1883.0,657753
2023-06-14,Associated British Foods,1855.20947265625,1879.5,1862.0,1865.0,974057
2023-06-15,Associated British Foods,1873.9639892578125,1914.5,1886.5,1891.0,869202
2023-06-16,Associated British Foods,1900.614990234375,1927.0,1905.43994140625,1913.0,2421172
2023-06-19,Associated British Foods,1920.3565673828125,2013.0,1909.5,1915.0,1650923
2023-06-20,Associated British Foods,1927.2659912109375,1957.5,1930.5,1935.5,852958
2023-06-21,Associated British Foods,1934.175537109375,1961.125,1931.5,1937.0,738036
2023-06-22,Associated British Foods,1911.4727783203125,1959.5,1930.0,1936.5,692746
2023-06-23,Associated British Foods,1927.759521484375,1959.5,1924.125,1928.0,863946
2023-06-26,Associated British Foods,1911.96630859375,1968.0,1921.5,1944.0,2006977
2023-06-27,Associated British Foods,1925.2919921875,1959.0,1935.0,1959.0,400044
2023-06-28,Associated British Foods,1947.99462890625,1984.0,1955.0,1958.5,1231316
2023-06-29,Associated British Foods,1957.8653564453125,1996.5,1969.75,1974.5,791645
2023-06-30,Associated British Foods,1965.2684326171875,1997.0,1965.0,1975.0,854784
2023-07-03,Associated British Foods,1991.9195556640625,2018.0,1992.5,1995.5,1425665
2023-07-04,Associated British Foods,1990.932373046875,2031.0,1999.5,2013.0,1858040
2023-07-05,Associated British Foods,1980.0745849609375,2025.0,1998.5,2025.0,871732
2023-07-06,Associated British Foods,1947.99462890625,1994.5,1963.0,1993.5,1555344
2023-07-07,Associated British Foods,1965.761962890625,1991.5,1955.5,1964.0,604312
2023-07-10,Associated British Foods,1984.02294921875,2015.0,1969.5,1984.0,649446
2023-07-11,Associated British Foods,2023.5059814453125,2050.0,2010.0,2010.0,881542
2023-07-12,Associated British Foods,2039.299072265625,2083.0,2048.0,2049.0,894134
2023-07-13,Associated British Foods,2024.4930419921875,2070.0,2044.0,2067.0,954747
2023-07-14,Associated British Foods,2028.44140625,2063.52001953125,2042.0,2042.0,671995
2023-07-17,Associated British Foods,2040.2862548828125,2069.55908203125,2040.0,2045.0,644028
2023-07-18,Associated British Foods,2075.821044921875,2106.0,2059.0,2059.0,601291
2023-07-19,Associated British Foods,2075.821044921875,2139.0,2097.0,2116.0,1729920
2023-07-20,Associated British Foods,2086.678955078125,2124.39892578125,2094.199951171875,2100.0,1030254
2023-07-21,Associated British Foods,2080.75634765625,2121.0,2105.0,2117.0,733166
2023-07-24,Associated British Foods,2063.97607421875,2113.0,2088.0,2099.0,1366403
2023-07-25,Associated British Foods,2011.6610107421875,2103.0,2037.0,2096.0,1449353
2023-07-26,Associated British Foods,2039.299072265625,2066.0,2024.0,2036.0,883395
2023-07-27,Associated British Foods,2058.0537109375,2092.0,2065.0,2075.0,1306460
2023-07-28,Associated British Foods,2048.182861328125,2085.0,2060.0,2076.0,1076968
2023-07-31,Associated British Foods,2023.5059814453125,2078.0,2048.0,2067.0,1058611
2023-08-01,Associated British Foods,2003.764404296875,2047.0,2020.0,2039.0,1397033
2023-08-02,Associated British Foods,1980.0745849609375,2022.0,1996.0,2009.0,953380
2023-08-03,Associated British Foods,1967.2425537109375,2001.0,1972.0,1995.0,704390
2023-08-04,Associated British Foods,1984.02294921875,2010.0,1986.0,1998.0,731624
2023-08-07,Associated British Foods,1975.13916015625,2008.0,1992.5,1999.0,484294
2023-08-08,Associated British Foods,1950.955810546875,1996.0,1971.0,1979.5,966359
2023-08-09,Associated British Foods,1959.839599609375,1997.5,1981.0,1995.0,925122
2023-08-10,Associated British Foods,1979.0875244140625,2006.0,1988.68994140625,1998.0,559383
2023-08-11,Associated British Foods,1947.007568359375,1995.5,1972.5,1995.5,484610
2023-08-14,Associated British Foods,1956.384765625,1984.0999755859375,1970.5,1975.5,678387
2023-08-15,Associated British Foods,1942.0721435546875,2006.0,1957.5,1983.0,626992
2023-08-16,Associated British Foods,1965.2684326171875,1998.0,1957.0,1960.5,781189
2023-08-17,Associated British Foods,1940.591552734375,1991.0,1966.0,1975.5,785897
2023-08-18,Associated British Foods,1934.669189453125,1964.7490234375,1933.0,1950.0,609949
2023-08-21,Associated British Foods,1929.7337646484375,1977.72998046875,1948.5,1960.0,671671
2023-08-22,Associated British Foods,1911.96630859375,1961.5,1931.5,1961.0,995445
2023-08-23,Associated British Foods,1914.9276123046875,1943.5,1920.5,1938.5,507392
2023-08-24,Associated British Foods,1917.8887939453125,1962.0,1938.0,1953.5,436872
2023-08-25,Associated British Foods,1927.759521484375,1971.0,1943.9000244140625,1945.0,578056
2023-08-29,Associated British Foods,1971.19091796875,2001.0,1966.1500244140625,1966.5,976608
2023-08-30,Associated British Foods,1966.255615234375,2006.0,1970.0,1999.5,421256
2023-08-31,Associated British Foods,1966.7490234375,2004.0,1982.0,1992.5,1909609
2023-09-01,Associated British Foods,1959.345947265625,2003.0,1984.0,1997.5,623090
2023-09-04,Associated British Foods,1963.787841796875,2003.0,1985.239013671875,1993.0,447949
2023-09-05,Associated British Foods,1968.229736328125,2010.0,1969.5,1977.0,994777
2023-09-06,Associated British Foods,1932.201416015625,1986.0,1955.0,1979.5,735656
2023-09-07,Associated British Foods,1942.0721435546875,1989.5,1948.5,1948.5,665566
2023-09-08,Associated British Foods,1958.3590087890625,1988.0,1958.5,1976.0,1003100
2023-09-11,Associated British Foods,1975.13916015625,2001.5389404296875,1942.0,1942.0,709887
2023-09-12,Associated British Foods,2080.75634765625,2167.0,2009.0,2031.0,2180200
2023-09-13,Associated British Foods,2058.0537109375,2116.0,2077.0,2099.0,1004769
2023-09-14,Associated British Foods,2058.0537109375,2100.0,2068.0,2093.0,843388
2023-09-15,Associated British Foods,2054.10546875,2104.0,2072.0,2104.0,2576629
2023-09-18,Associated British Foods,2031.402587890625,2091.0,2054.0,2079.0,675762
2023-09-19,Associated British Foods,2058.0537109375,2087.0,2060.0,2061.0,1079234
2023-09-20,Associated British Foods,2059.04052734375,2115.0,2061.0419921875,2065.0,545247
2023-09-21,Associated British Foods,2062.989013671875,2101.0,2069.0,2074.0,736774
2023-09-22,Associated British Foods,2042.26025390625,2086.35595703125,2064.0,2074.0,947152
2023-09-25,Associated British Foods,2032.3897705078125,2078.0,2044.0,2075.0,1108907
2023-09-26,Associated British Foods,2062.001953125,2089.19189453125,2044.0,2050.0,836395
2023-09-27,Associated British Foods,2047.19580078125,2097.0,2071.0,2087.0,1125465
2023-09-28,Associated British Foods,2031.402587890625,2080.0,2031.0,2071.0,740775
2023-09-29,Associated British Foods,2041.2733154296875,2083.0,2061.0,2065.0,910719
2023-10-02,Associated British Foods,2030.4154052734375,2089.0,2052.0,2070.0,780059
2023-10-03,Associated British Foods,2000.80322265625,2066.0,2025.0,2053.0,760532
2023-10-04,Associated British Foods,1951.4493408203125,2024.0,1967.5,2010.0,1253376
2023-10-05,Associated British Foods,1964.2813720703125,2016.0,1978.0,1983.0,867901
2023-10-06,Associated British Foods,1958.8524169921875,1994.27001953125,1966.5,1994.0,1449394
2023-10-09,Associated British Foods,1925.2919921875,1979.0,1939.5,1940.5,1373574
2023-10-10,Associated British Foods,1963.2943115234375,1994.5,1941.0,1963.5,1404368
2023-10-11,Associated British Foods,1941.57861328125,1998.0,1958.5,1984.5,1105456
2023-10-12,Associated British Foods,1946.0205078125,1993.0,1965.5,1980.0,1296367
2023-10-13,Associated British Foods,1916.408203125,1980.0,1935.5,1980.0,731928
2023-10-16,Associated British Foods,1945.5269775390625,1972.0,1943.0,1956.5,1753234
2023-10-17,Associated British Foods,1966.7490234375,1996.0,1955.5,1970.5,565126
2023-10-18,Associated British Foods,1942.5657958984375,2010.0,1955.0,1998.5,1034307
2023-10-19,Associated British Foods,1915.91455078125,1984.0,1939.0,1969.0,674801
2023-10-20,Associated British Foods,1904.5633544921875,1938.5,1907.5,1934.0,1433354
2023-10-23,Associated British Foods,1923.8111572265625,1950.0,1915.0,1945.0,580469
2023-10-24,Associated British Foods,1926.7725830078125,1961.0,1934.5,1953.0,1299705
2023-10-25,Associated British Foods,1941.085205078125,1973.0,1939.5,1946.5,1069524
2023-10-26,Associated British Foods,1931.21435546875,1982.5,1944.0,1956.0,1719979
2023-10-27,Associated British Foods,1924.79833984375,1977.5,1939.5,1954.5,499756
2023-10-30,Associated British Foods,1960.8265380859375,1986.5,1958.5,1963.5,791012
2023-10-31,Associated British Foods,1999.816162109375,2029.0,1965.0,1997.5,1509649
2023-11-01,Associated British Foods,2051.14404296875,2078.0,1965.0,2032.0,1327170
2023-11-02,Associated British Foods,2077.795166015625,2129.0,2059.0,2092.0,1077916
2023-11-03,Associated British Foods,2096.549560546875,2149.35009765625,2093.0,2106.0,1305496
2023-11-06,Associated British Foods,2078.7822265625,2142.0,2105.0,2127.0,3882398
2023-11-07,Associated British Foods,2220.921142578125,2276.0,2176.81005859375,2190.0,3014438
2023-11-08,Associated British Foods,2277.1845703125,2342.0,2229.0,2241.0,2911333
2023-11-09,Associated British Foods,2304.82275390625,2341.0,2295.0,2303.0,1614894
2023-11-10,Associated British Foods,2299.88720703125,2352.0,2302.0,2323.0,1349625
2023-11-13,Associated British Foods,2312.71923828125,2343.0,2303.0,2325.0,4520437
2023-11-14,Associated British Foods,2305.809814453125,2358.0,2320.0,2348.0,1655833
2023-11-15,Associated British Foods,2325.551025390625,2383.0,2312.0,2345.0,1527596
2023-11-16,Associated British Foods,2323.5771484375,2374.0,2349.0,2357.0,871507
2023-11-17,Associated British Foods,2349.240966796875,2389.0,2341.0,2360.0,1810707
2023-11-20,Associated British Foods,2313.706298828125,2396.0,2339.0,2377.0,1195151
2023-11-21,Associated British Foods,2329.49951171875,2370.0,2325.0,2342.0,964043
2023-11-22,Associated British Foods,2339.370361328125,2374.0,2347.0,2366.0,1114430
2023-11-23,Associated British Foods,2341.34423828125,2382.0,2358.0,2367.0,1387700
2023-11-24,Associated British Foods,2341.34423828125,2377.389892578125,2345.0,2362.0,595348
2023-11-27,Associated British Foods,2347.26708984375,2397.0,2355.0,2370.0,1689445
2023-11-28,Associated British Foods,2342.33154296875,2390.0,2357.0,2371.0,1058386
2023-11-29,Associated British Foods,2357.137451171875,2403.0,2364.0,2370.0,1238939
2023-11-30,Associated British Foods,2347.26708984375,2380.0,2355.0,2366.0,1703344
2023-12-01,Associated British Foods,2354.17626953125,2401.44189453125,2377.52001953125,2386.0,944642
2023-12-04,Associated British Foods,2361.0859375,2406.0,2370.0,2387.0,907970
2023-12-05,Associated British Foods,2372.9306640625,2407.0,2368.0,2384.0,592756
2023-12-06,Associated British Foods,2393.659423828125,2430.0,2389.0,2413.0,798443
2023-12-07,Associated British Foods,2397.60791015625,2438.0,2410.0,2425.0,1089382
2023-12-08,Associated British Foods,2390.6982421875,2454.0,2414.0,2438.0,1381908
2023-12-11,Associated British Foods,2423.27197265625,2460.0,2418.0,2424.0,1072017
2023-12-12,Associated British Foods,2412.413818359375,2485.0,2444.0,2460.0,1166846
2023-12-13,Associated British Foods,2409.45263671875,2480.0,2429.0,2450.0,1367210
2023-12-14,Associated British Foods,2371.449951171875,2456.0,2377.0,2426.0,1942502
2023-12-15,Associated British Foods,2351.605224609375,2405.0,2365.0,2378.0,2294441
2023-12-18,Associated British Foods,2340.6904296875,2374.0,2345.0,2361.0,1082774
2023-12-19,Associated British Foods,2360.535400390625,2382.0,2344.0,2365.0,695720
2023-12-20,Associated British Foods,2358.55078125,2412.0,2362.0,2400.0,1394920
2023-12-21,Associated British Foods,2356.56640625,2385.0,2362.719970703125,2373.0,527181
2023-12-22,Associated British Foods,2347.63623046875,2378.0,2348.0,2365.0,378763
2023-12-27,Associated British Foods,2353.589599609375,2391.0,2351.0,2367.0,608069
2023-12-28,Associated British Foods,2350.613037109375,2380.0,2368.0,2377.0,418982
2023-12-29,Associated British Foods,2348.62841796875,2383.0,2361.0,2374.0,229960
2024-01-02,Associated British Foods,2352.597412109375,2382.239990234375,2365.0,2375.0,680562
2024-01-03,Associated British Foods,2351.605224609375,2381.0,2360.0,2363.0,682178
2024-01-04,Associated British Foods,2355.57421875,2412.0,2357.0,2357.0,862158
2024-01-05,Associated British Foods,2327.79150390625,2360.0,2331.0,2360.0,1728092
2024-01-08,Associated British Foods,2344.659423828125,2364.0,2328.0,2342.0,828150
2024-01-09,Associated British Foods,2331.760498046875,2373.0,2340.0,2373.0,681874
2024-01-10,Associated British Foods,2317.869140625,2362.0,2328.0,2361.0,1029650
2024-01-11,Associated British Foods,2236.505615234375,2346.0,2254.0,2345.0,1868486
2024-01-12,Associated British Foods,2247.420166015625,2294.0,2265.0,2268.0,1702227
2024-01-15,Associated British Foods,2265.280517578125,2291.0,2262.0,2278.0,1023747
2024-01-16,Associated British Foods,2260.3193359375,2292.0,2269.0,2269.0,1046611
2024-01-17,Associated British Foods,2233.52880859375,2264.0,2228.0,2255.0,1131257
2024-01-18,Associated British Foods,2252.38134765625,2278.0,2259.0,2262.0,726873
2024-01-19,Associated British Foods,2220.629638671875,2283.0,2232.0,2282.0,1754245
2024-01-22,Associated British Foods,2250.396728515625,2271.0,2250.0,2254.0,1815705
2024-01-23,Associated British Foods,2267.264892578125,2322.0,2262.0,2306.0,2002310
2024-01-24,Associated British Foods,2306.954345703125,2325.0,2286.0,2291.0,1066462
2024-01-25,Associated British Foods,2335.729248046875,2360.0,2314.0,2319.0,773730
2024-01-26,Associated British Foods,2365.49658203125,2388.0,2348.0,2355.0,1375018
2024-01-29,Associated British Foods,2346.64404296875,2390.0,2361.219970703125,2389.0,695395
2024-01-30,Associated British Foods,2362.519775390625,2389.340087890625,2364.0,2375.0,1813372
2024-01-31,Associated British Foods,2322.830322265625,2371.0,2339.0,2369.0,1258459
2024-02-01,Associated British Foods,2263.2958984375,2335.0,2275.0,2330.0,2064729
2024-02-02,Associated British Foods,2237.497802734375,2285.0,2253.0,2284.0,995584
2024-02-05,Associated British Foods,2228.567626953125,2276.0,2236.0,2270.0,2198079
2024-02-06,Associated British Foods,2255.35791015625,2281.0,2254.0,2257.0,859523
2024-02-07,Associated British Foods,2235.51318359375,2269.0,2240.738037109375,2265.0,1020691
2024-02-08,Associated British Foods,2229.559814453125,2271.679931640625,2247.0,2256.0,2101732
2024-02-09,Associated British Foods,2214.67626953125,2256.0,2232.0,2248.0,1210403
2024-02-12,Associated British Foods,2247.420166015625,2265.0,2235.0,2237.0,1420422
2024-02-13,Associated British Foods,2224.5986328125,2266.0,2235.0,2257.0,817588
2024-02-14,Associated British Foods,2248.412353515625,2277.0,2242.0,2242.0,794448
2024-02-15,Associated British Foods,2267.264892578125,2297.0,2258.0,2282.0,690256
2024-02-16,Associated British Foods,2268.257080078125,2308.0,2271.0,2299.0,642793
2024-02-19,Associated British Foods,2273.21826171875,2300.0,2277.97607421875,2280.0,498809
2024-02-20,Associated British Foods,2289.09423828125,2312.0,2283.0,2283.0,807289
2024-02-21,Associated British Foods,2285.125244140625,2313.0,2295.0,2303.0,648062
2024-02-22,Associated British Foods,2275.202880859375,2317.0,2276.0,2309.0,866467
2024-02-23,Associated British Foods,2273.21826171875,2295.0,2275.0,2293.0,803156
2024-02-26,Associated British Foods,2280.1640625,2298.0,2279.0,2290.0,1218035
2024-02-27,Associated British Foods,2260.3193359375,2310.0,2273.0,2291.0,823464
2024-02-28,Associated British Foods,2266.272705078125,2292.0,2277.0,2282.0,607223
2024-02-29,Associated British Foods,2255.35791015625,2292.0,2251.0,2285.0,2641564
2024-03-01,Associated British Foods,2251.38916015625,2296.070068359375,2269.0,2295.0,932781
2024-03-04,Associated British Foods,2240.474365234375,2263.0,2240.0,2261.0,2557375
2024-03-05,Associated British Foods,2239.482177734375,2258.0,2241.0,2249.0,941155
2024-03-06,Associated British Foods,2249.404541015625,2290.0,2256.0,2263.0,847502
2024-03-07,Associated British Foods,2225.5908203125,2268.0,2243.0,2260.0,1329412
2024-03-08,Associated British Foods,2224.5986328125,2251.0,2226.0,2249.0,1157197
2024-03-11,Associated British Foods,2236.505615234375,2256.0,2227.0,2231.0,1206482
2024-03-12,Associated British Foods,2280.1640625,2314.0,2261.0,2275.0,832229
2024-03-13,Associated British Foods,2292.07080078125,2337.0,2290.0,2297.0,1174524
2024-03-14,Associated British Foods,2283.140625,2323.0,2299.0,2309.0,864242
2024-03-15,Associated British Foods,2323.822509765625,2362.0,2296.0,2296.0,1764615
2024-03-18,Associated British Foods,2286.117431640625,2336.0,2304.0,2336.0,616864
2024-03-19,Associated British Foods,2293.06298828125,2324.0,2296.0,2299.0,1067036
2024-03-20,Associated British Foods,2309.93115234375,2334.0,2300.0,2303.0,639571
2024-03-21,Associated British Foods,2379.387939453125,2403.0,2352.0,2365.0,611302
2024-03-22,Associated British Foods,2407.17041015625,2434.0,2394.0,2404.0,760003
2024-03-25,Associated British Foods,2410.147216796875,2431.0,2404.0,2413.0,482718
2024-03-26,Associated British Foods,2453.8056640625,2473.0,2425.0,2425.0,1130882
2024-03-27,Associated British Foods,2494.487548828125,2536.0029296875,2492.0,2499.0,1685381
2024-03-28,Associated British Foods,2478.611572265625,2509.0,2484.0,2509.0,1254462
2024-04-02,Associated British Foods,2445.867919921875,2526.0,2465.0,2497.0,983710
2024-04-03,Associated British Foods,2450.8291015625,2481.333984375,2420.0,2455.0,1190556
2024-04-04,Associated British Foods,2469.681640625,2491.0,2459.60009765625,2461.0,1298135
2024-04-05,Associated British Foods,2395.263671875,2459.0,2407.0,2455.0,1096882
2024-04-08,Associated British Foods,2391.294677734375,2426.0,2403.0,2412.0,798369
2024-04-09,Associated British Foods,2404.19384765625,2428.0,2396.0,2398.0,925642
2024-04-10,Associated British Foods,2410.147216796875,2448.0,2427.0,2436.0,954973
2024-04-11,Associated British Foods,2387.32568359375,2431.0,2383.0,2420.0,1108638
2024-04-12,Associated British Foods,2387.32568359375,2438.0,2405.0,2424.0,699527
2024-04-15,Associated British Foods,2389.310302734375,2429.0,2402.0,2405.0,940986
2024-04-16,Associated British Foods,2350.613037109375,2389.0,2363.0,2379.0,1046716
2024-04-17,Associated British Foods,2375.4189453125,2407.0,2359.800048828125,2360.0,1660097
2024-04-18,Associated British Foods,2423.04638671875,2449.0,2414.0,2416.0,921690
2024-04-19,Associated British Foods,2428.007568359375,2447.0,2418.0,2427.0,796565
2024-04-22,Associated British Foods,2486.549560546875,2525.0,2479.0,2480.0,1122539
2024-04-23,Associated British Foods,2709.80322265625,2765.0,2649.0,2650.0,2721358
2024-04-24,Associated British Foods,2681.0283203125,2727.39208984375,2682.739990234375,2725.0,1758138
2024-04-25,Associated British Foods,2665.152587890625,2714.0,2665.0,2711.0,1355339
2024-04-26,Associated British Foods,2614.54833984375,2706.0,2630.0,2693.0,1308957
2024-04-29,Associated British Foods,2633.40087890625,2654.0,2615.0,2648.0,1050040
2024-04-30,Associated British Foods,2635.38525390625,2682.0,2619.0,2666.0,1340642
2024-05-01,Associated British Foods,2615.54052734375,2656.139892578125,2619.0,2649.0,346373
2024-05-02,Associated British Foods,2622.486328125,2685.0,2642.0,2681.0,1221821
2024-05-03,Associated British Foods,2650.26904296875,2674.0,2627.0,2656.0,1558995
2024-05-07,Associated British Foods,2666.144775390625,2713.0,2681.0,2698.0,1106958
2024-05-08,Associated British Foods,2680.0361328125,2710.0,2692.0,2701.0,837425
2024-05-09,Associated British Foods,2665.152587890625,2722.0,2683.0,2703.0,1645747
2024-05-10,Associated British Foods,2681.0283203125,2713.0,2669.0,2694.0,771640
2024-05-13,Associated British Foods,2666.144775390625,2720.0,2687.0,2698.0,690159
2024-05-14,Associated British Foods,2697.896484375,2725.0,2677.0,2687.0,787781
2024-05-15,Associated British Foods,2689.95849609375,2736.0,2687.0,2715.0,1024514
2024-05-16,Associated British Foods,2716.7490234375,2747.35791015625,2694.0,2713.0,1034197
2024-05-17,Associated British Foods,2708.81103515625,2755.0,2726.0,2740.0,660823
2024-05-20,Associated British Foods,2704.842041015625,2741.0,2717.0,2730.0,748936
2024-05-21,Associated British Foods,2684.005126953125,2743.0,2700.0,2716.0,674614
2024-05-22,Associated British Foods,2667.136962890625,2722.0,2678.0,2682.0,758488
2024-05-23,Associated British Foods,2692.935302734375,2714.0,2669.0,2691.0,804182
2024-05-24,Associated British Foods,2700.873046875,2731.0,2624.0,2690.0,671225
2024-05-28,Associated British Foods,2620.501708984375,2739.0,2622.5,2717.0,1195933
2024-05-29,Associated British Foods,2646.300048828125,2671.0,2624.0,2640.0,1344678
2024-05-30,Associated British Foods,2660.0,2684.0,2636.0,2636.0,659511
2024-05-31,Associated British Foods,2550.0,2622.0,2537.0,2600.0,5375753
2024-06-03,Associated British Foods,2561.0,2591.0,2561.0,2575.0,3828433
2024-06-04,Associated British Foods,2566.0,2584.0,2548.0,2553.0,3315009
2024-06-05,Associated British Foods,2585.0,2655.0,2550.0,2638.0,2328728
2024-06-06,Associated British Foods,2584.0,2604.0,2558.0,2583.0,642423
2024-06-07,Associated British Foods,2560.0,2601.0,2549.0,2585.0,759646
2024-06-10,Associated British Foods,2546.0,2576.0,2525.0,2541.0,578446
2024-06-11,Associated British Foods,2517.0,2573.0,2508.0,2562.0,3663191
2024-06-12,Associated British Foods,2506.0,2539.52587890625,2499.0,2535.0,1577318
2024-06-13,Associated British Foods,2493.0,2516.0,2488.0,2501.0,1456630
2024-06-14,Associated British Foods,2483.0,2502.0,2468.760986328125,2495.0,764561
2024-06-17,Associated British Foods,2491.0,2505.0,2484.0,2501.0,660126
2024-06-18,Associated British Foods,2495.0,2504.0,2484.0,2502.0,1180411
2024-06-19,Associated British Foods,2476.0,2491.0,2476.0,2484.0,702378
2024-06-20,Associated British Foods,2488.0,2488.0,2448.0,2482.0,1282116
2024-06-21,Associated British Foods,2468.0,2492.0,2455.0,2480.0,3260223
2024-06-24,Associated British Foods,2519.0,2540.0,2459.0,2476.0,762073
2024-06-25,Associated British Foods,2498.0,2563.0,2496.0,2539.0,3011792
2024-06-26,Associated British Foods,2524.0,2541.0,2503.0,2510.0,1700002
2024-06-27,Associated British Foods,2471.0,2540.0,2441.0,2470.0,1669265
2024-06-28,Associated British Foods,2474.0,2491.0,2472.0,2478.0,1440315
2024-07-01,Associated British Foods,2496.0,2502.0,2459.0,2486.0,688599
2024-07-02,Associated British Foods,2466.0,2493.0,2466.0,2484.0,570556
2024-07-03,Associated British Foods,2479.0,2494.0,2467.0,2483.0,1933846
2024-07-04,Associated British Foods,2476.0,2506.0,2464.0,2485.0,601395
2024-07-05,Associated British Foods,2472.0,2508.0,2461.0,2483.0,625782
2024-07-08,Associated British Foods,2504.0,2519.0,2465.0,2471.0,633669
2024-07-09,Associated British Foods,2437.0,2518.0,2437.0,2499.0,1166269
2024-07-10,Associated British Foods,2453.0,2472.0,2422.0,2445.0,942192
2024-07-11,Associated British Foods,2466.0,2471.0,2438.0,2461.0,538357
